{
  "id": "",
  "name": "",
  "font_family": "iconfont",
  "css_prefix_text": "icon-",
  "description": "",
  "glyphs": [
    {
      "icon_id": "1427",
      "name": "公交",
      "font_class": "gongjiao",
      "unicode": "f01f2",
      "unicode_decimal": 983538
    },
    {
      "icon_id": "218048",
      "name": "icon-我的线路",
      "font_class": "iconwodexianlu",
      "unicode": "ec00",
      "unicode_decimal": 60416
    },
    {
      "icon_id": "548872",
      "name": "商品",
      "font_class": "iconfontshangpin2",
      "unicode": "e690",
      "unicode_decimal": 59024
    },
    {
      "icon_id": "1622345",
      "name": "雪花",
      "font_class": "icon-weather-snowflake",
      "unicode": "e6b1",
      "unicode_decimal": 59057
    },
    {
      "icon_id": "2022937",
      "name": "攻略",
      "font_class": "gonglve",
      "unicode": "e620",
      "unicode_decimal": 58912
    },
    {
      "icon_id": "2462215",
      "name": "门票",
      "font_class": "menpiao",
      "unicode": "e504",
      "unicode_decimal": 58628
    },
    {
      "icon_id": "2651481",
      "name": "租车",
      "font_class": "zuche",
      "unicode": "e7ba",
      "unicode_decimal": 59322
    },
    {
      "icon_id": "2760415",
      "name": "攻略",
      "font_class": "gonglve1",
      "unicode": "e507",
      "unicode_decimal": 58631
    },
    {
      "icon_id": "3379069",
      "name": "足迹",
      "font_class": "zuji",
      "unicode": "e617",
      "unicode_decimal": 58903
    },
    {
      "icon_id": "3653540",
      "name": "拍摄",
      "font_class": "paishe",
      "unicode": "e639",
      "unicode_decimal": 58937
    },
    {
      "icon_id": "3958216",
      "name": "投诉",
      "font_class": "tousu",
      "unicode": "e71f",
      "unicode_decimal": 59167
    },
    {
      "icon_id": "5144972",
      "name": "指南",
      "font_class": "zhinan",
      "unicode": "e702",
      "unicode_decimal": 59138
    },
    {
      "icon_id": "5562042",
      "name": "左箭头",
      "font_class": "arrow-right",
      "unicode": "e501",
      "unicode_decimal": 58625
    },
    {
      "icon_id": "5811106",
      "name": "右箭头",
      "font_class": "icon",
      "unicode": "e619",
      "unicode_decimal": 58905
    },
    {
      "icon_id": "6744733",
      "name": "酒店",
      "font_class": "jiudian",
      "unicode": "e603",
      "unicode_decimal": 58883
    },
    {
      "icon_id": "7261746",
      "name": "雪花",
      "font_class": "xuehua",
      "unicode": "e697",
      "unicode_decimal": 59031
    },
    {
      "icon_id": "7437447",
      "name": "帖子",
      "font_class": "tiezi",
      "unicode": "e6f7",
      "unicode_decimal": 59127
    },
    {
      "icon_id": "7569479",
      "name": "翻译",
      "font_class": "fanyi",
      "unicode": "e715",
      "unicode_decimal": 59157
    },
    {
      "icon_id": "7738003",
      "name": "订单",
      "font_class": "dingdan",
      "unicode": "e604",
      "unicode_decimal": 58884
    },
    {
      "icon_id": "7822698",
      "name": "首页",
      "font_class": "shouye",
      "unicode": "e695",
      "unicode_decimal": 59029
    },
    {
      "icon_id": "7892124",
      "name": "微信",
      "font_class": "weixin3",
      "unicode": "e505",
      "unicode_decimal": 58629
    },
    {
      "icon_id": "8286239",
      "name": "身份证",
      "font_class": "credentials_icon",
      "unicode": "e516",
      "unicode_decimal": 58646
    },
    {
      "icon_id": "9135527",
      "name": "我 的",
      "font_class": "mine",
      "unicode": "e502",
      "unicode_decimal": 58626
    },
    {
      "icon_id": "9414896",
      "name": "社区",
      "font_class": "shequ",
      "unicode": "e731",
      "unicode_decimal": 59185
    },
    {
      "icon_id": "9771610",
      "name": "省略",
      "font_class": "shenglve",
      "unicode": "e605",
      "unicode_decimal": 58885
    },
    {
      "icon_id": "9790461",
      "name": "密码不可见",
      "font_class": "mimachakan",
      "unicode": "e696",
      "unicode_decimal": 59030
    },
    {
      "icon_id": "10025364",
      "name": "下箭头",
      "font_class": "b_jiantou02",
      "unicode": "e503",
      "unicode_decimal": 58627
    },
    {
      "icon_id": "10428807",
      "name": "服务尽享",
      "font_class": "fuwu",
      "unicode": "e66a",
      "unicode_decimal": 58986
    },
    {
      "icon_id": "10508570",
      "name": "QQ",
      "font_class": "QQ",
      "unicode": "e698",
      "unicode_decimal": 59032
    },
    {
      "icon_id": "11116341",
      "name": "帮助",
      "font_class": "bangzhu",
      "unicode": "e5e1",
      "unicode_decimal": 58849
    },
    {
      "icon_id": "11522704",
      "name": "闪电",
      "font_class": "shandian",
      "unicode": "e60c",
      "unicode_decimal": 58892
    },
    {
      "icon_id": "11536825",
      "name": "雪花",
      "font_class": "xuehua1",
      "unicode": "e607",
      "unicode_decimal": 58887
    },
    {
      "icon_id": "12648203",
      "name": "订 单",
      "font_class": "dingdan1",
      "unicode": "e60e",
      "unicode_decimal": 58894
    },
    {
      "icon_id": "13065677",
      "name": "购物清单、文档",
      "font_class": "shopping-cart-text",
      "unicode": "e74b",
      "unicode_decimal": 59211
    },
    {
      "icon_id": "14693831",
      "name": "民宿打点",
      "font_class": "minsudadian",
      "unicode": "e66c",
      "unicode_decimal": 58988
    },
    {
      "icon_id": "15283663",
      "name": "点评",
      "font_class": "dianping",
      "unicode": "e688",
      "unicode_decimal": 59016
    },
    {
      "icon_id": "15302363",
      "name": "树",
      "font_class": "weibiaoti-4",
      "unicode": "e579",
      "unicode_decimal": 58745
    },
    {
      "icon_id": "16689079",
      "name": "搜索--1",
      "font_class": "soushuo",
      "unicode": "e506",
      "unicode_decimal": 58630
    },
    {
      "icon_id": "16782677",
      "name": "定位",
      "font_class": "test",
      "unicode": "e51f",
      "unicode_decimal": 58655
    },
    {
      "icon_id": "16943057",
      "name": "代付款订单",
      "font_class": "daifukuandingdan",
      "unicode": "e60f",
      "unicode_decimal": 58895
    },
    {
      "icon_id": "17976310",
      "name": "定位地图",
      "font_class": "dingweiditu",
      "unicode": "e6e8",
      "unicode_decimal": 59112
    },
    {
      "icon_id": "18666398",
      "name": "地铁",
      "font_class": "subway-active",
      "unicode": "e608",
      "unicode_decimal": 58888
    },
    {
      "icon_id": "18916007",
      "name": "购物车",
      "font_class": "che1",
      "unicode": "e508",
      "unicode_decimal": 58632
    },
    {
      "icon_id": "19000687",
      "name": "设 置 (1)",
      "font_class": "shezhi1",
      "unicode": "e630",
      "unicode_decimal": 58928
    },
    {
      "icon_id": "19035922",
      "name": "我的社区",
      "font_class": "wodeshequ",
      "unicode": "e601",
      "unicode_decimal": 58881
    },
    {
      "icon_id": "19409691",
      "name": "爆款",
      "font_class": "baokuan",
      "unicode": "e625",
      "unicode_decimal": 58917
    },
    {
      "icon_id": "19522302",
      "name": "日程",
      "font_class": "richeng",
      "unicode": "e63e",
      "unicode_decimal": 58942
    },
    {
      "icon_id": "19923746",
      "name": "mac",
      "font_class": "mac",
      "unicode": "e509",
      "unicode_decimal": 58633
    }
  ]
}
